email,gender
gdomino0@wordpress.com,Genderfluid
fsmorfit1@comcast.net,Male
amcdunlevy2@yale.edu,Non-binary
cbigglestone3@chronoengine.com,Non-binary
jcastagne4@google.com,Bigender
joseland5@vinaora.com,Male
rgraftonherbert6@columbia.edu,Genderfluid
lfideler7@bloglovin.com,Genderfluid
schomiszewski8@dmoz.org,Male
vbum9@issuu.com,Genderfluid
vballeinea@liveinternet.ru,Agender
aarpb@comcast.net,Genderfluid
sheeneyc@hibu.com,Non-binary
bdadleyd@goo.ne.jp,Genderfluid
ocummingse@utexas.edu,Genderqueer
jslaightf@shutterfly.com,Female
pborthwickg@who.int,Male
tgablerh@usa.gov,Genderqueer
tapfleri@simplemachines.org,Genderfluid
zwitlingj@earthlink.net,Agender
eveartk@youtu.be,Non-binary
tratterl@imageshack.us,Polygender
lbalnavem@arstechnica.com,Agender
cgivensn@aol.com,Genderqueer
apietascho@google.ru,Polygender
thaslehurstp@vistaprint.com,Polygender
csteinsonq@deviantart.com,Male
rschiementzr@ihg.com,Bigender
amccormacks@w3.org,Agender
amoorrudt@newyorker.com,Male
nblackeru@symantec.com,Male
kbillhamv@vistaprint.com,Bigender
mshoebrookw@wufoo.com,Non-binary
lquixleyx@1688.com,Female
mheishamy@stanford.edu,Polygender
lroylancez@amazon.co.jp,Male
glinck10@bluehost.com,Genderfluid
amarriner11@about.me,Female
tralls12@surveymonkey.com,Female
mianniello13@weibo.com,Genderfluid
ysivorn14@google.cn,Non-binary
mheyworth15@guardian.co.uk,Non-binary
hmacanulty16@pbs.org,Genderfluid
arapps17@wunderground.com,Male
jironside18@surveymonkey.com,Non-binary
ltestro19@hibu.com,Male
ajewkes1a@msn.com,Male
deagers1b@google.de,Genderqueer
gboutellier1c@fotki.com,Bigender
mrickertsen1d@pbs.org,Agender
bclampett1e@businessweek.com,Genderqueer
hblackler1f@dmoz.org,Genderfluid
vkinahan1g@facebook.com,Genderqueer
idallicott1h@rambler.ru,Non-binary
rswitsur1i@themeforest.net,Female
fdemoreno1j@goodreads.com,Polygender
mtorra1k@japanpost.jp,Female
mschimann1l@mapquest.com,Genderqueer
cgarrard1m@indiegogo.com,Agender
wmottley1n@tumblr.com,Non-binary
cgee1o@dailymail.co.uk,Non-binary
msherwell1p@about.me,Genderqueer
mandrassy1q@irs.gov,Agender
brickwood1r@eventbrite.com,Bigender
cwann1s@ovh.net,Female
sknightly1t@biglobe.ne.jp,Female
sayars1u@earthlink.net,Bigender
wbulley1v@accuweather.com,Genderqueer
wpennrington1w@shutterfly.com,Polygender
iough1x@businessinsider.com,Genderfluid
khanrahan1y@phpbb.com,Non-binary
channa1z@smugmug.com,Polygender
jizat20@cbslocal.com,Polygender
awarstall21@ebay.com,Non-binary
scricket22@wired.com,Female
jargrave23@dailymail.co.uk,Polygender
aklink24@hp.com,Male
mbarlow25@friendfeed.com,Male
ccourtois26@booking.com,Genderfluid
mmcmackin27@shutterfly.com,Genderqueer
ccausnett28@blogtalkradio.com,Genderqueer
bcrowch29@cargocollective.com,Genderqueer
kderechter2a@jiathis.com,Polygender
ychevalier2b@google.pl,Genderqueer
jhayward2c@spotify.com,Female
mharms2d@amazonaws.com,Genderqueer
mdurram2e@bloglines.com,Genderqueer
wferri2f@telegraph.co.uk,Polygender
skingsford2g@sbwire.com,Agender
jarlow2h@homestead.com,Polygender
bfretter2i@opensource.org,Agender
gbudd2j@guardian.co.uk,Genderqueer
tgossart2k@surveymonkey.com,Agender
hsavile2l@sciencedaily.com,Genderfluid
hissacof2m@de.vu,Polygender
jpurdie2n@feedburner.com,Non-binary
adany2o@freewebs.com,Male
mdawdary2p@flickr.com,Bigender
loloman2q@opensource.org,Non-binary
carmit2r@house.gov,Non-binary
efinn2s@behance.net,Polygender
wenbury2t@dedecms.com,Agender
adaugherty2u@nationalgeographic.com,Polygender
mleather2v@csmonitor.com,Genderqueer
kwheildon2w@whitehouse.gov,Male
jclute2x@dropbox.com,Genderfluid
kgilhouley2y@constantcontact.com,Agender
bchalliss2z@amazon.co.jp,Female
atraylen30@google.de,Polygender
jfouldes31@ox.ac.uk,Male
kjewster32@rambler.ru,Agender
rcastiello33@stumbleupon.com,Female
cleverentz34@mozilla.org,Female
bberriman35@liveinternet.ru,Male
amapledorum36@jigsy.com,Bigender
tharuard37@ucla.edu,Female
kchew38@soup.io,Bigender
kvern39@illinois.edu,Female
gnelane3a@live.com,Non-binary
ekundt3b@house.gov,Male
dgorthy3c@youtu.be,Polygender
lklemmt3d@upenn.edu,Genderqueer
mmaciejak3e@instagram.com,Polygender
pclausenthue3f@mit.edu,Genderqueer
dohannay3g@europa.eu,Agender
ecorah3h@ft.com,Bigender
ddome3i@rambler.ru,Agender
bpipet3j@noaa.gov,Genderqueer
kplatts3k@google.de,Polygender
tsanbrook3l@furl.net,Agender
cwhyley3m@theatlantic.com,Polygender
csoutherden3n@nifty.com,Bigender
cpucknell3o@thetimes.co.uk,Agender
hbeaby3p@google.co.jp,Non-binary
mfairweather3q@prweb.com,Non-binary
dsealove3r@a8.net,Male
mlabat3s@wikipedia.org,Genderfluid
apoutress3t@timesonline.co.uk,Genderfluid
ubonifazio3u@whitehouse.gov,Bigender
ablackey3v@si.edu,Male
kgrzelczak3w@com.com,Male
igiggie3x@huffingtonpost.com,Genderqueer
pgeri3y@hubpages.com,Polygender
cwedmore3z@ibm.com,Agender
rgrimble40@opensource.org,Male
ashackleton41@123-reg.co.uk,Agender
csvanini42@psu.edu,Agender
vorring43@ebay.com,Female
lbrodbin44@123-reg.co.uk,Genderfluid
fgothrup45@livejournal.com,Polygender
polley46@shareasale.com,Male
tpordall47@t-online.de,Polygender
lkrammer48@networksolutions.com,Genderqueer
bbengtsson49@typepad.com,Genderqueer
mmasdon4a@a8.net,Genderqueer
sshepheard4b@apache.org,Genderfluid
ocumbers4c@marketwatch.com,Agender
nbarles4d@technorati.com,Non-binary
dswallow4e@google.com.br,Female
sclutton4f@cafepress.com,Genderfluid
labyss4g@kickstarter.com,Non-binary
lwelberry4h@flickr.com,Genderfluid
fdrever4i@dell.com,Agender
acamelli4j@jugem.jp,Male
codowd4k@geocities.jp,Female
vcarlett4l@meetup.com,Polygender
vnobles4m@aboutads.info,Agender
nclendening4n@nhs.uk,Female
lhagard4o@hexun.com,Genderqueer
btuke4p@buzzfeed.com,Non-binary
kmorgon4q@europa.eu,Non-binary
agraveston4r@csmonitor.com,Female
amontrose4s@yelp.com,Agender
lseawell4t@discuz.net,Female
adendle4u@va.gov,Bigender
asplevings4v@theatlantic.com,Female
tgoodnow4w@imageshack.us,Genderqueer
bdinnage4x@cmu.edu,Male
kullyatt4y@mtv.com,Non-binary
rlince4z@blogger.com,Male
alamberth50@google.de,Female
aducaen51@storify.com,Polygender
dlaycock52@biglobe.ne.jp,Non-binary
mbraney53@addthis.com,Genderfluid
brising54@aol.com,Non-binary
ddumblton55@paginegialle.it,Agender
hmitchelson56@usatoday.com,Agender
lsomers57@sciencedaily.com,Bigender
mfaircliffe58@ifeng.com,Polygender
mmassot59@ftc.gov,Genderqueer
jmacconnechie5a@fema.gov,Agender
jcasino5b@comcast.net,Male
ptripp5c@dmoz.org,Male
bpidgeley5d@goo.ne.jp,Female
dmulvin5e@etsy.com,Bigender
cvallance5f@sciencedaily.com,Genderqueer
tkyneton5g@biglobe.ne.jp,Genderfluid
gloveman5h@amazon.co.jp,Male
castlet5i@google.it,Male
rbritney5j@sbwire.com,Non-binary
srattenbury5k@de.vu,Genderfluid
asmurfitt5l@reverbnation.com,Polygender
erediers5m@nydailynews.com,Polygender
jjirousek5n@about.me,Agender
mjeskins5o@facebook.com,Polygender
arobillart5p@freewebs.com,Polygender
nflorio5q@yale.edu,Female
cworkman5r@businessinsider.com,Female
rfridaye5s@loc.gov,Polygender
jlamputt5t@xrea.com,Genderfluid
sjankovsky5u@businessinsider.com,Genderqueer
kkilfeder5v@blinklist.com,Female
kgullifant5w@g.co,Genderqueer
jbaddiley5x@apple.com,Non-binary
obremner5y@virginia.edu,Genderfluid
erothera5z@loc.gov,Agender
gcrudge60@wordpress.com,Female
nlawler61@wp.com,Genderqueer
wiacovone62@webnode.com,Genderqueer
jpavlik63@slashdot.org,Polygender
lgillison64@latimes.com,Genderqueer
dplaxton65@accuweather.com,Female
edeverale66@t-online.de,Female
isitford67@cpanel.net,Genderqueer
jinchbald68@symantec.com,Agender
cleconte69@amazon.co.jp,Genderqueer
mramage6a@list-manage.com,Genderfluid
agloucester6b@list-manage.com,Bigender
pbool6c@accuweather.com,Bigender
taleshintsev6d@netvibes.com,Female
rmoss6e@yolasite.com,Genderfluid
jescalera6f@last.fm,Agender
tmonard6g@webmd.com,Male
lenders6h@bbc.co.uk,Genderfluid
santuoni6i@miitbeian.gov.cn,Genderqueer
sgirling6j@rediff.com,Polygender
rscadding6k@cyberchimps.com,Female
dstoppe6l@usa.gov,Genderqueer
girving6m@icio.us,Bigender
tlambdin6n@sciencedaily.com,Non-binary
anyles6o@weibo.com,Genderfluid
bdand6p@simplemachines.org,Non-binary
rgripton6q@constantcontact.com,Male
mhonnan6r@oakley.com,Non-binary
blonghurst6s@usnews.com,Bigender
sburkman6t@hhs.gov,Genderfluid
iivanichev6u@prlog.org,Male
jbartholomieu6v@redcross.org,Agender
ldiggle6w@discovery.com,Agender
ostack6x@deviantart.com,Genderfluid
qquigley6y@imgur.com,Genderfluid
lkingsnod6z@delicious.com,Non-binary
tlayborn70@mediafire.com,Female
ghegel71@sun.com,Genderfluid
rworkman72@php.net,Genderqueer
ispringtorpe73@blogger.com,Genderfluid
lfrohock74@cpanel.net,Female
awadworth75@mashable.com,Bigender
fstanaway76@altervista.org,Male
btomaello77@icq.com,Genderqueer
ccowgill78@tinypic.com,Bigender
delphinstone79@tumblr.com,Bigender
jtidbold7a@blog.com,Genderqueer
aearthfield7b@histats.com,Genderfluid
nheisham7c@nydailynews.com,Bigender
adanit7d@furl.net,Male
dcresser7e@cargocollective.com,Non-binary
dhalegarth7f@oaic.gov.au,Polygender
tdurtnall7g@cafepress.com,Female
afant7h@cam.ac.uk,Genderfluid
nfleay7i@dailymotion.com,Polygender
pmoreman7j@salon.com,Bigender
rmoreman7k@fotki.com,Male
ahasnney7l@timesonline.co.uk,Non-binary
gmartygin7m@time.com,Genderqueer
jstorks7n@economist.com,Bigender
hcroxall7o@comcast.net,Male
ccluckie7p@newyorker.com,Genderqueer
hcrosio7q@youtu.be,Non-binary
ndenness7r@skype.com,Genderqueer
epatershall7s@moonfruit.com,Bigender
agierck7t@abc.net.au,Polygender
ffaragan7u@barnesandnoble.com,Genderfluid
jmacieja7v@sfgate.com,Bigender
cswinglehurst7w@hugedomains.com,Bigender
rbellworthy7x@ucla.edu,Genderfluid
ecircuit7y@cdc.gov,Genderfluid
msupple7z@bloglovin.com,Non-binary
jinns80@last.fm,Agender
eadenot81@columbia.edu,Polygender
blording82@chronoengine.com,Male
abellows83@domainmarket.com,Non-binary
atattershaw84@gizmodo.com,Male
detheridge85@unc.edu,Polygender
emcwilliam86@china.com.cn,Bigender
ebaszniak87@newyorker.com,Male
cvillalta88@t-online.de,Non-binary
alevet89@slashdot.org,Non-binary
bsadler8a@ibm.com,Female
pbrann8b@wisc.edu,Male
gscohier8c@ustream.tv,Non-binary
hquixley8d@facebook.com,Male
kshrimpling8e@arizona.edu,Agender
skid8f@youku.com,Genderqueer
wcogin8g@dyndns.org,Genderfluid
jlong8h@goodreads.com,Bigender
hherrieven8i@npr.org,Genderqueer
nneubigin8j@state.tx.us,Male
etonna8k@goo.gl,Agender
thimsworth8l@jimdo.com,Genderfluid
cpurdie8m@cyberchimps.com,Polygender
cdomenicone8n@yandex.ru,Non-binary
kgrzelak8o@fc2.com,Bigender
aheskin8p@amazon.co.jp,Polygender
lparley8q@php.net,Genderfluid
dguyonnet8r@amazon.com,Male
smccahill8s@nydailynews.com,Polygender
svossing8t@ihg.com,Bigender
nadacot8u@zimbio.com,Genderfluid
pwhyborn8v@taobao.com,Agender
okerslake8w@cdc.gov,Female
hwhite8x@1688.com,Genderfluid
lescot8y@vistaprint.com,Genderqueer
fdudin8z@oakley.com,Female
adabnor90@sphinn.com,Male
kgisbye91@opensource.org,Bigender
ihuertas92@google.com.au,Polygender
rbampforth93@elpais.com,Genderfluid
tkarpmann94@sun.com,Bigender
kdesimone95@barnesandnoble.com,Male
vblasetti96@sfgate.com,Non-binary
ccoate97@addtoany.com,Female
eomoylan98@va.gov,Genderqueer
lgiacobilio99@imdb.com,Female
aminshaw9a@hibu.com,Genderqueer
smatyugin9b@godaddy.com,Agender
egors9c@samsung.com,Polygender
sbeaumont9d@diigo.com,Agender
hofarrell9e@scientificamerican.com,Non-binary
amountney9f@cam.ac.uk,Genderfluid
stite9g@bigcartel.com,Bigender
bchastanet9h@moonfruit.com,Genderqueer
slavielle9i@biglobe.ne.jp,Non-binary
bkoles9j@cbslocal.com,Male
lkaine9k@wiley.com,Genderfluid
eseally9l@nbcnews.com,Polygender
winderwick9m@ezinearticles.com,Male
elithgow9n@com.com,Polygender
yerskine9o@zdnet.com,Agender
hstoffersen9p@wikimedia.org,Genderqueer
etill9q@photobucket.com,Female
cstanesby9r@studiopress.com,Agender
kgilffillan9s@dedecms.com,Non-binary
rtolussi9t@meetup.com,Agender
adibartolommeo9u@amazon.com,Agender
sanchor9v@tumblr.com,Genderfluid
bdobrowski9w@omniture.com,Bigender
pedmondson9x@marketwatch.com,Genderqueer
ebrimmacombe9y@yandex.ru,Genderfluid
lbaudy9z@jigsy.com,Bigender
rquaylea0@kickstarter.com,Agender
mkestona1@joomla.org,Non-binary
djenta2@patch.com,Female
badrianoa3@sciencedaily.com,Genderqueer
pcamillia4@usgs.gov,Male
rizacenkoa5@stanford.edu,Non-binary
epetruka6@va.gov,Genderfluid
tpatesela7@cornell.edu,Polygender
jeastama8@europa.eu,Genderfluid
stingleya9@wordpress.org,Agender
dskinleyaa@hao123.com,Bigender
tdutchab@yolasite.com,Male
wswaleac@storify.com,Genderqueer
sdaenad@ucoz.ru,Genderfluid
bsimeae@histats.com,Non-binary
sschettiniaf@etsy.com,Polygender
wpratteag@163.com,Genderfluid
wvodenah@google.com,Genderfluid
btuftsai@google.fr,Agender
dcaudleaj@diigo.com,Non-binary
jhannerak@harvard.edu,Genderfluid
hlumblyal@pcworld.com,Bigender
ddevorillam@parallels.com,Bigender
hgalleyan@engadget.com,Polygender
acastiglioniao@intel.com,Agender
asparwayap@nature.com,Bigender
chaswellaq@columbia.edu,Female
nbankear@ted.com,Agender
apaffotas@desdev.cn,Genderfluid
hwintersat@bloglines.com,Male
ojewiseau@ihg.com,Female
wbirthav@indiegogo.com,Agender
dbrysonaw@gnu.org,Female
wfouldesax@businessinsider.com,Non-binary
ssmetounay@cbc.ca,Polygender
dgeggusaz@ucoz.ru,Male
klaurenzib0@cnet.com,Genderfluid
ekinsetb1@disqus.com,Genderfluid
alongfieldb2@gnu.org,Agender
ssebleyb3@slideshare.net,Bigender
bcridlinb4@free.fr,Genderqueer
sdeverellb5@etsy.com,Female
hshevlanb6@zimbio.com,Agender
ajolliffeb7@mayoclinic.com,Genderqueer
aballsb8@blogtalkradio.com,Non-binary
nhanfordb9@linkedin.com,Bigender
amardollba@merriam-webster.com,Male
cgrishanovbb@squidoo.com,Genderqueer
fwynnebc@jimdo.com,Female
gdeebd@qq.com,Polygender
llaunchburybe@tripod.com,Genderfluid
rmeakerbf@unblog.fr,Female
sgitshambg@prlog.org,Bigender
prousebh@accuweather.com,Non-binary
gcolquittbi@yolasite.com,Polygender
cvallentinebj@wordpress.com,Female
rghirardibk@illinois.edu,Female
amangeneybl@dion.ne.jp,Genderqueer
nfonquerniebm@bloglovin.com,Genderqueer
dfernezbn@wsj.com,Polygender
mdiggesbo@dagondesign.com,Female
aclausenthuebp@cocolog-nifty.com,Female
tpiersbq@cam.ac.uk,Agender
cstainerbr@networksolutions.com,Agender
sjochananybs@wordpress.com,Agender
mshavebt@w3.org,Female
rbatripbu@booking.com,Male
cgullickbv@army.mil,Agender
bchazettebw@people.com.cn,Non-binary
rduckworthbx@issuu.com,Genderfluid
rlangmuirby@addthis.com,Female
fbrinsfordbz@twitpic.com,Male
oetchellsc0@youtu.be,Female
sdavioudc1@usnews.com,Male
elarsc2@tripod.com,Genderqueer
smuslac3@blogs.com,Female
bslyc4@google.co.uk,Agender
ahurlestonec5@mozilla.com,Agender
fkisbyc6@i2i.jp,Genderqueer
sthorwarthc7@wikipedia.org,Genderfluid
cmutterc8@networkadvertising.org,Polygender
khearnec9@prlog.org,Polygender
erichardtca@youku.com,Bigender
bdiapercb@xrea.com,Genderqueer
blaflincc@liveinternet.ru,Bigender
mdumphriescd@booking.com,Agender
bgwillimce@usda.gov,Agender
aliddallcf@hubpages.com,Polygender
lcreecg@jalbum.net,Genderqueer
fkerridgech@google.es,Agender
mmontfortci@illinois.edu,Male
cscopyncj@facebook.com,Genderfluid
lmcqueenck@ftc.gov,Non-binary
cmeadencl@blogger.com,Male
gbonneycm@moonfruit.com,Polygender
nblazekcn@msn.com,Agender
lpirellico@jalbum.net,Male
nwordencp@auda.org.au,Genderfluid
bmcleodcq@rakuten.co.jp,Agender
jpercycr@cdc.gov,Agender
tbuxsycs@elpais.com,Genderfluid
dmorsleyct@addthis.com,Polygender
dhackneycu@behance.net,Male
dstandoncv@accuweather.com,Male
bdalecw@moonfruit.com,Male
alunbechcx@dropbox.com,Agender
jambrogiotticy@upenn.edu,Bigender
bdinglecz@cdc.gov,Genderfluid
pgamblesd0@themeforest.net,Non-binary
jkybirdd1@shop-pro.jp,Non-binary
gjayesd2@wikispaces.com,Bigender
frubinivitzd3@unesco.org,Polygender
ymossbeed4@jimdo.com,Genderqueer
vmeashamd5@reference.com,Genderfluid
dnichollsd6@dagondesign.com,Non-binary
gisaksend7@google.fr,Female
ddanbyed8@howstuffworks.com,Polygender
mradbondd9@feedburner.com,Bigender
hfullickda@ehow.com,Bigender
tmandrierdb@friendfeed.com,Non-binary
mcroxforddc@soup.io,Non-binary
jladburydd@newsvine.com,Female
cnavarode@usa.gov,Bigender
mblinmandf@sbwire.com,Agender
ddulakedg@elpais.com,Agender
wmitforddh@home.pl,Male
gmanterfielddi@engadget.com,Non-binary
sbeinckendj@imdb.com,Genderfluid
ddimitrescodk@census.gov,Female
jlerhinandl@miibeian.gov.cn,Male
jradagedm@naver.com,Male
adrustdn@mayoclinic.com,Female
aclutterhamdo@booking.com,Female
fspurgedp@dyndns.org,Female
dcopnerdq@nhs.uk,Genderqueer
cdiperausdr@microsoft.com,Female
gforsardds@e-recht24.de,Bigender
mexrolldt@theglobeandmail.com,Male
hamburgydu@ibm.com,Female
dstacydv@moonfruit.com,Non-binary
btreesdw@csmonitor.com,Male
gpohlakdx@chicagotribune.com,Female
mrawsthorndy@nba.com,Genderfluid
ssaphindz@webmd.com,Genderqueer
bcreanye0@zimbio.com,Genderfluid
hchalkere1@vk.com,Polygender
baustene2@blogs.com,Agender
kwafere3@springer.com,Polygender
daudleye4@goodreads.com,Non-binary
bedghinne5@blogspot.com,Genderfluid
hrayere6@wp.com,Agender
areallye7@ucsd.edu,Polygender
abalentynee8@nifty.com,Agender
gcabblee9@reuters.com,Polygender
pboribalea@ovh.net,Female
pbenfordeb@indiatimes.com,Male
bfatkinec@yolasite.com,Bigender
tantonated@dailymotion.com,Non-binary
hbaillesee@digg.com,Agender
bdingleyef@latimes.com,Genderqueer
mdumpereg@trellian.com,Non-binary
acordeiroeh@comsenz.com,Agender
iproshei@forbes.com,Genderfluid
gdunningej@pcworld.com,Non-binary
amabeeek@last.fm,Male
smacciel@desdev.cn,Non-binary
gthalmannem@histats.com,Polygender
dkleenen@nyu.edu,Non-binary
anunneryeo@jigsy.com,Non-binary
baingerep@usa.gov,Non-binary
ddursleyeq@redcross.org,Male
oengaer@admin.ch,Bigender
lpeasees@hp.com,Genderqueer
cmapplethorpeet@so-net.ne.jp,Female
dgounoteu@va.gov,Bigender
dmeeseev@cnn.com,Male
chutchisonew@nationalgeographic.com,Genderqueer
ggallafantex@cyberchimps.com,Male
vwholesworthey@newyorker.com,Female
lcleftez@mit.edu,Genderqueer
rtrattonf0@infoseek.co.jp,Genderfluid
jbickersf1@mit.edu,Genderfluid
jdransfieldf2@sbwire.com,Genderqueer
amaghullf3@spiegel.de,Agender
educkittf4@ycombinator.com,Bigender
ssivornf5@google.com,Non-binary
bnewbattf6@thetimes.co.uk,Genderfluid
rcrannaf7@php.net,Bigender
rmattedif8@fotki.com,Genderfluid
nolderf9@cbc.ca,Female
kmaclaughlinfa@biglobe.ne.jp,Genderqueer
ctomasuttifb@samsung.com,Female
ssteelyfc@t.co,Male
cpharefd@webnode.com,Non-binary
hmatashkinfe@deliciousdays.com,Genderqueer
ktrimbeyff@reuters.com,Non-binary
mmacmorlandfg@cam.ac.uk,Genderfluid
lgoodramfh@dropbox.com,Female
jwarwickerfi@sohu.com,Male
gelverstonefj@elegantthemes.com,Male
kgerrillfk@ask.com,Female
tworthyfl@pcworld.com,Polygender
fmacgibbonfm@dot.gov,Non-binary
bharryfn@smugmug.com,Polygender
mselwinfo@opera.com,Female
acicccittifp@facebook.com,Genderqueer
ariccioppofq@illinois.edu,Polygender
wpraillfr@europa.eu,Polygender
lhaslinfs@mapy.cz,Non-binary
tgilksft@twitter.com,Male
meinchcombefu@abc.net.au,Male
zsharmafv@census.gov,Polygender
jrosenfieldfw@indiatimes.com,Non-binary
spigginsfx@huffingtonpost.com,Agender
dferronierfy@purevolume.com,Non-binary
fedlinfz@github.io,Genderfluid
lpaulettog0@marketwatch.com,Female
mcoulthartg1@icq.com,Genderqueer
mmckirdyg2@msn.com,Agender
agrummittg3@themeforest.net,Polygender
vgolagleyg4@ifeng.com,Polygender
gdunbabing5@delicious.com,Polygender
kstockhillg6@time.com,Bigender
kdibiasiog7@whitehouse.gov,Non-binary
slathomg8@dyndns.org,Polygender
nwitlingg9@pcworld.com,Genderqueer
isnedenga@tinypic.com,Genderqueer
mhabberjamgb@macromedia.com,Non-binary
hdurekgc@dot.gov,Polygender
bduxburygd@nifty.com,Polygender
jebanksge@drupal.org,Female
emcblaingf@dailymotion.com,Bigender
jchillcotgg@lulu.com,Female
llongmategh@cbslocal.com,Non-binary
smcharrygi@geocities.jp,Genderqueer
bmingardgj@virginia.edu,Genderqueer
acaldecotgk@telegraph.co.uk,Bigender
jwykeygl@japanpost.jp,Male
vcazegm@chronoengine.com,Female
cbelchamgn@nsw.gov.au,Genderqueer
ohovygo@newsvine.com,Polygender
bishamgp@bloomberg.com,Genderfluid
bwitardgq@dropbox.com,Male
dleregr@twitter.com,Agender
abrizellgs@about.com,Non-binary
hportmangt@gnu.org,Genderfluid
skoppegu@ovh.net,Male
tkaleygv@blog.com,Agender
ltraheargw@dmoz.org,Genderqueer
ckinseygx@forbes.com,Genderqueer
glocockgy@buzzfeed.com,Polygender
cwithersgz@typepad.com,Agender
hkleinschmidth0@ucoz.com,Genderqueer
beyckelh1@cdbaby.com,Agender
jambrodih2@last.fm,Bigender
wscarlinh3@facebook.com,Bigender
mpatnellih4@ustream.tv,Polygender
rcoryh5@umn.edu,Polygender
asentanceh6@reverbnation.com,Non-binary
mshireh7@latimes.com,Non-binary
kbevenh8@pen.io,Polygender
ewoodyeareh9@cyberchimps.com,Genderfluid
dwynessha@cnet.com,Male
ghaddingtonhb@reuters.com,Agender
fmapowderhc@discuz.net,Female
vbeautymanhd@bloomberg.com,Female
ngethousehe@exblog.jp,Genderqueer
agidmanhf@yandex.ru,Bigender
tlisimorehg@cargocollective.com,Polygender
rrodrigueshh@baidu.com,Genderfluid
obenniehi@webmd.com,Male
jhansenhj@apache.org,Genderqueer
rnewvillhk@admin.ch,Male
hshreeveshl@last.fm,Non-binary
wskyramhm@surveymonkey.com,Genderqueer
kfarryhn@blogger.com,Bigender
otrussloveho@earthlink.net,Female
agatteridgehp@qq.com,Genderfluid
rtriplowhq@github.com,Genderqueer
veagerhr@thetimes.co.uk,Male
twattersonhs@purevolume.com,Agender
mcodnerht@ezinearticles.com,Non-binary
tscalahu@geocities.com,Male
vyewmanhv@exblog.jp,Female
ptimebyhw@google.de,Bigender
aatteridgehx@columbia.edu,Male
gbeckeyhy@si.edu,Non-binary
sgulyhz@npr.org,Bigender
fjakoi0@gmpg.org,Bigender
lbwyi1@exblog.jp,Genderqueer
bgavahani2@google.it,Agender
jwillmetti3@scribd.com,Non-binary
lklessmanni4@ameblo.jp,Bigender
tbalseri5@usatoday.com,Genderfluid
salfonsettii6@technorati.com,Polygender
sgarbutti7@prlog.org,Non-binary
cdurnani8@vinaora.com,Agender
rjainei9@jugem.jp,Male
sbeauvaisia@amazon.com,Female
dskonesib@addthis.com,Agender
wturmelic@gmpg.org,Genderqueer
tblakesleeid@sphinn.com,Polygender
cmaloneie@issuu.com,Polygender
gchalonerif@columbia.edu,Polygender
hescreetig@cbsnews.com,Female
dlyddonih@cocolog-nifty.com,Non-binary
vmcmillamii@europa.eu,Female
tharfordij@live.com,Genderfluid
bpicktonik@spiegel.de,Genderfluid
gborzoneil@nymag.com,Agender
eelderim@bbc.co.uk,Agender
kjervisin@squidoo.com,Male
pkruseio@samsung.com,Genderqueer
mstrotoneip@studiopress.com,Agender
tcowwelliq@comsenz.com,Non-binary
isoameir@joomla.org,Genderqueer
merrichiellois@baidu.com,Female
bmathevonit@salon.com,Female
tgowdyiu@ustream.tv,Agender
asleefordiv@time.com,Genderqueer
tchmarnyiw@uol.com.br,Genderfluid
abouchix@naver.com,Agender
pbaudiciy@examiner.com,Agender
emainiz@nasa.gov,Bigender
lronnayj0@chronoengine.com,Agender
gmoulinj1@fda.gov,Non-binary
fmynardj2@hud.gov,Female
lfaierj3@gnu.org,Agender
lyepiskopovj4@ebay.co.uk,Genderfluid
tkonerdingj5@furl.net,Female
aodgersj6@army.mil,Genderqueer
bcockremj7@rediff.com,Non-binary
tpreshoj8@sitemeter.com,Agender
rbolanj9@webnode.com,Genderfluid
cadrienneja@livejournal.com,Genderfluid
mblencoejb@typepad.com,Non-binary
pstriplingjc@google.de,Male
lgathererjd@amazon.co.uk,Male
upundje@google.it,Bigender
spiersonjf@weather.com,Genderqueer
tbrilonjg@ihg.com,Genderqueer
rracinejh@digg.com,Agender
malexandrouji@chron.com,Polygender
gcorintonjj@trellian.com,Male
nminithorpejk@mozilla.com,Polygender
cescofierjl@dedecms.com,Agender
eclappisonjm@devhub.com,Bigender
alethbrigjn@linkedin.com,Non-binary
mprevettjo@geocities.jp,Agender
gwaddamsjp@paypal.com,Genderqueer
walldreadjq@soup.io,Polygender
vsuttlingjr@twitpic.com,Genderfluid
clemonjs@va.gov,Polygender
lmarcujt@adobe.com,Female
kchurchillju@miibeian.gov.cn,Polygender
dgaskaljv@live.com,Polygender
hnelthropjw@usnews.com,Agender
atinanjx@google.co.jp,Male
sgiorgiettojy@vimeo.com,Non-binary
swadiejz@noaa.gov,Female
pbalconk0@yolasite.com,Agender
pskillenk1@typepad.com,Agender
sravensk2@phoca.cz,Female
aschaperok3@drupal.org,Polygender
ttestok4@comcast.net,Agender
hradmorek5@apple.com,Bigender
tbawdenk6@bbb.org,Agender
ebabidgek7@phpbb.com,Genderqueer
sstirrupk8@thetimes.co.uk,Female
alidbetterk9@domainmarket.com,Male
igoodeeka@discuz.net,Non-binary
kfranseskb@google.it,Polygender
wabreykc@goo.ne.jp,Female
htutchenerkd@tripadvisor.com,Polygender
aleucharske@nba.com,Female
mastlingkf@t-online.de,Female
stalmadgekg@reverbnation.com,Polygender
dllopiskh@gov.uk,Non-binary
jbarthelmeski@fema.gov,Genderqueer
gdeluzekj@yellowpages.com,Male
hteulierkk@globo.com,Genderfluid
byearnkl@google.it,Female
mmarvelleykm@technorati.com,Male
kextonkn@chron.com,Genderfluid
ahumpatchko@oracle.com,Non-binary
jviggerskp@senate.gov,Agender
wtucknottkq@pcworld.com,Non-binary
eberisfordkr@cbslocal.com,Bigender
jranklinks@icio.us,Genderqueer
oplentykt@g.co,Female
dlarrieku@usnews.com,Non-binary
pclowskv@latimes.com,Non-binary
ahamblynkw@unicef.org,Agender
lharrowaykx@house.gov,Agender
mmixhelky@cmu.edu,Male
smckeefrykz@oracle.com,Female
ggreastyl0@wufoo.com,Male
arollinshawl1@alexa.com,Bigender
llonginal2@pcworld.com,Agender
rsellekl3@state.tx.us,Genderqueer
bneseyl4@amazonaws.com,Male
kpechtl5@vinaora.com,Bigender
pjoynerl6@un.org,Female
rblaxilll7@oaic.gov.au,Genderqueer
tsimcoel8@msu.edu,Agender
mproudleyl9@hud.gov,Male
hgrocuttla@elpais.com,Agender
cmarklinlb@comcast.net,Male
tnanglelc@digg.com,Female
brobelinld@dot.gov,Genderqueer
ljewettle@yelp.com,Bigender
csangelf@sitemeter.com,Female
iwoodyattlg@live.com,Non-binary
gaudenlh@technorati.com,Female
apanchinli@mlb.com,Genderfluid
hmenicomblj@alexa.com,Agender
fwhibleylk@phoca.cz,Genderfluid
pduttll@ameblo.jp,Genderqueer
aclamolm@utexas.edu,Female
ljanewayln@unblog.fr,Male
clampertlo@gnu.org,Polygender
esmolanlp@pinterest.com,Female
kiannelq@cocolog-nifty.com,Polygender
dfalloweslr@comsenz.com,Agender
egoskerls@washington.edu,Non-binary
ssaundercocklt@yelp.com,Genderfluid
bgorchlu@drupal.org,Male
chyettlv@goo.gl,Agender
eericlw@abc.net.au,Male
reschlx@theatlantic.com,Genderfluid
rdombly@topsy.com,Bigender
rashingdenlz@squidoo.com,Male
pjecockm0@mashable.com,Agender
medscerm1@google.com.hk,Genderfluid
kpostenm2@ucsd.edu,Polygender
smountainm3@t.co,Agender
tmarplem4@japanpost.jp,Male
fadsheadm5@aboutads.info,Bigender
comoylanm6@netlog.com,Male
debblesm7@umn.edu,Genderfluid
eswiffinm8@loc.gov,Agender
ycolganm9@netvibes.com,Bigender
randrolettima@wikia.com,Female
nstermanmb@amazon.de,Bigender
ebaiylemc@washingtonpost.com,Genderqueer
kdawidowskymd@deliciousdays.com,Polygender
cgatteridgeme@craigslist.org,Genderfluid
dingreemf@hao123.com,Bigender
vclissoldmg@seattletimes.com,Genderfluid
ctertremh@theglobeandmail.com,Non-binary
cbereclothmi@netlog.com,Polygender
rcapelingmj@de.vu,Polygender
fgreensetmk@nature.com,Genderqueer
walimanml@edublogs.org,Agender
oroumiermm@devhub.com,Bigender
eelstowmn@blogspot.com,Polygender
bstobbesmo@soundcloud.com,Genderqueer
scampionmp@ucoz.com,Polygender
bmatuszinskimq@networksolutions.com,Agender
jlequeuxmr@fastcompany.com,Agender
nfaulkenerms@github.com,Genderfluid
vwillshearmt@ca.gov,Genderqueer
rlangfieldmu@google.com.hk,Female
nsybemv@marriott.com,Agender
bcansfieldmw@clickbank.net,Agender
lblanshardmx@opera.com,Female
kmeachermy@wikimedia.org,Male
dcranfieldmz@stanford.edu,Non-binary
jbyrchn0@qq.com,Genderfluid
lscrymgeourn1@amazon.co.uk,Male
vrodmann2@quantcast.com,Agender
gmounseyn3@sina.com.cn,Genderfluid
jofihilyn4@globo.com,Bigender
gcallandern5@1und1.de,Genderqueer
mscophamn6@yellowbook.com,Female
ascurmann7@ted.com,Genderfluid
kmumfordn8@digg.com,Genderfluid
vpolyen9@flavors.me,Agender
mpriddyna@xing.com,Bigender
cchassonnb@loc.gov,Male
dponcefordnc@icq.com,Female
bmacdearmontnd@ovh.net,Bigender
khawkridgene@goodreads.com,Non-binary
vjakubczyknf@sourceforge.net,Genderfluid
bchasteneyng@cisco.com,Genderqueer
thoylandnh@gov.uk,Male
svisconi@reverbnation.com,Non-binary
tmalshernj@paypal.com,Agender
rfayermannk@alibaba.com,Genderfluid
mcarrettnl@google.fr,Female
bmertschingnm@free.fr,Male
croxbynn@java.com,Genderqueer
btrattlesno@webmd.com,Male
dmousdallnp@miibeian.gov.cn,Non-binary
lstittnq@icq.com,Agender
bwarrattnr@about.com,Agender
jmacwhanns@topsy.com,Agender
sadneynt@amazonaws.com,Male
dwiggansnu@auda.org.au,Polygender
ehaberghamnv@buzzfeed.com,Non-binary
ttrumblenw@last.fm,Bigender
rledsonnx@parallels.com,Bigender
ekuhnertny@illinois.edu,Non-binary
cseamennz@blinklist.com,Agender
sdeambrosio0@jugem.jp,Agender
byoungero1@ask.com,Polygender
agrigoireo2@lycos.com,Non-binary
vkarelo3@goodreads.com,Genderfluid
vallotto4@spotify.com,Agender
hcastellinio5@google.fr,Genderfluid
obasiloneo6@hao123.com,Genderqueer
ecolquitto7@va.gov,Genderqueer
kisenoro8@nbcnews.com,Female
gingledowo9@blogs.com,Non-binary
ndelgadooa@flickr.com,Genderfluid
brusbridgeob@vimeo.com,Non-binary
nprebbleoc@twitter.com,Agender
ctipperod@mozilla.org,Female
atiemanoe@tumblr.com,Genderqueer
krhydderchof@usda.gov,Agender
ssimantsog@howstuffworks.com,Bigender
jcranoh@jalbum.net,Genderfluid
wbrickwoodoi@hubpages.com,Male
rpennazzioj@shareasale.com,Agender
kcosserok@is.gd,Polygender
pclydeol@discuz.net,Bigender
chazletonom@mit.edu,Male
wfarryanon@delicious.com,Female
clearieoo@shinystat.com,Genderfluid
wsommerlinop@kickstarter.com,Non-binary
fhearnshawoq@vistaprint.com,Non-binary
megglestoneor@ed.gov,Non-binary
wjacombos@cargocollective.com,Agender
lstruttot@newyorker.com,Male
emantripou@businessweek.com,Non-binary
dcliburnov@creativecommons.org,Bigender
pabadeow@spiegel.de,Polygender
giveansox@scribd.com,Non-binary
proscampoy@hhs.gov,Male
hsiviloz@discovery.com,Female
swintourp0@163.com,Non-binary
nlongwoodp1@economist.com,Agender
smalep2@chicagotribune.com,Polygender
wbaynonp3@myspace.com,Genderfluid
edomenguep4@bloomberg.com,Genderqueer
evodenp5@goo.gl,Bigender
rmchaffyp6@nature.com,Male
mlettucep7@va.gov,Male
brootep8@ycombinator.com,Agender
gilyuchyovp9@4shared.com,Polygender
gdebenedictispa@cafepress.com,Genderqueer
cbenjafieldpb@mediafire.com,Agender
lwhetnallpc@printfriendly.com,Genderfluid
dgiralpd@shop-pro.jp,Non-binary
ylindenbluthpe@edublogs.org,Bigender
bcrocepf@over-blog.com,Female
bcoggerpg@cmu.edu,Genderfluid
hstirmanph@photobucket.com,Non-binary
dparrishpi@nih.gov,Bigender
kgreenhoughpj@wikipedia.org,Polygender
bcastellacciopk@ftc.gov,Polygender
zkingsfordpl@networksolutions.com,Agender
bmassardpm@mac.com,Non-binary
labbittpn@ning.com,Genderqueer
imcgarrahanpo@friendfeed.com,Polygender
mmilnepp@domainmarket.com,Male
pwhalepq@paginegialle.it,Polygender
bnewlandspr@tumblr.com,Female
eroyps@google.de,Genderqueer
lpotellpt@pen.io,Male
msterrypu@slideshare.net,Agender
mcysterpv@npr.org,Genderfluid
hehratpw@nationalgeographic.com,Male
nburlinghampx@ezinearticles.com,Polygender
rtorelpy@netvibes.com,Non-binary
volenchikovpz@is.gd,Polygender
nruscoeq0@pagesperso-orange.fr,Genderqueer
iillyesq1@blogs.com,Agender
rnormadellq2@etsy.com,Female
mdahlbergq3@amazon.co.jp,Male
ifawksq4@hp.com,Non-binary
mguirardinq5@newyorker.com,Bigender
fbestarq6@miibeian.gov.cn,Genderfluid
djorisq7@imageshack.us,Non-binary
cclemendetq8@bravesites.com,Non-binary
kjosupeitq9@disqus.com,Male
escawtonqa@go.com,Bigender
fborellqb@adobe.com,Genderqueer
bdreierqc@themeforest.net,Bigender
iharcarseqd@addthis.com,Polygender
bgowanlockqe@opensource.org,Male
kvalenssmithqf@plala.or.jp,Agender
elelandeqg@uol.com.br,Genderqueer
imoorfieldqh@comcast.net,Genderfluid
hwhittetqi@senate.gov,Male
bpersentqj@scribd.com,Bigender
bdeasqk@mysql.com,Non-binary
bcaudrayql@ca.gov,Non-binary
etunyqm@ow.ly,Genderqueer
vrapaqn@mlb.com,Polygender
hcharrettqo@kickstarter.com,Male
ibebbellqp@disqus.com,Male
vrembrantqq@nsw.gov.au,Polygender
rhupkaqr@amazon.de,Female
hyersinqs@chicagotribune.com,Male
sdavilleqt@disqus.com,Non-binary
mduesburyqu@friendfeed.com,Male
gmusgroveqv@macromedia.com,Bigender
jmarquessqw@newyorker.com,Genderfluid
jkingsmillqx@disqus.com,Genderqueer
dhaizeldenqy@amazonaws.com,Bigender
mboutwellqz@zimbio.com,Male
dhattr0@google.com,Male
erockallr1@uol.com.br,Agender
meastwayr2@illinois.edu,Female
lmosedaler3@apache.org,Male
lwaddinghamr4@earthlink.net,Agender
ptulkr5@furl.net,Genderqueer
ajeaysr6@narod.ru,Genderqueer
nedmottr7@nba.com,Non-binary
lyardleyr8@com.com,Agender
gnaseyr9@imgur.com,Agender
rbewsheara@psu.edu,Genderfluid
jstopforthrb@loc.gov,Genderqueer
homararc@ovh.net,Agender
otippettsrd@webnode.com,Agender
hheinonenre@berkeley.edu,Polygender
kspellesyrf@pcworld.com,Male
oheppnerrg@macromedia.com,Non-binary
bgiraudouxrh@indiatimes.com,Genderfluid
ggearri@ebay.com,Agender
cloutheanerj@nba.com,Male
ckeggrk@ox.ac.uk,Genderqueer
cpoyntonrl@washingtonpost.com,Bigender
vbrokrm@oakley.com,Polygender
csplevinsrn@ycombinator.com,Non-binary
cmumbyro@paypal.com,Bigender
mbasezzirp@reddit.com,Agender
kcaminrq@ed.gov,Bigender
aiddyrr@usnews.com,Male
